{"P-C Boudot": 8.002509864642313, "N Pinna": 9.99564951908798, "Colin Keane": 9.210987182890477, "R Maia": 9.414282771547866, "Y Fujioka": NaN, "F Geroux": 10.565904307259594, "K H Yu": 9.971526923678576, "R Fradd": 7.515154164969469, "D Browne": NaN, "M Barzalona": 8.825506954337579, "K Tanaka": 11.254887502163468, "R Curatolo": NaN, "P Smullen": 10.458962726075466, "A Hamelin": NaN, "J Lloyd": 8.613676932849446, "A Helfenbein": NaN, "B Shinn": 10.0, "C Schofield": 8.514426853608434, "K K Chiong": 8.648074456907224, "S de Sousa": 8.459619386402444, "M Hills": 9.247927513443585, "G Lerena": 9.229205636742707, "S Khumalo": 9.188599455335856, "J Castellano": 2.0, "M L Yeung": 8.927869612692048, "R Thomas": 8.169925001442312, "H Uchida": 5.584962500721156, "O Peslier": 9.151983302148041, "D Dunn": 10.3536369546147, "K W Leung": 9.100655804231959, "H Goto": NaN, "B Doyle": 9.117507436296227, "D Beadman": 7.673345347147336, "S Clipperton": 8.845031669506794, "C W Choi": NaN, "J Leparoux": 10.236965594166206, "Y T Cheng": 8.887388510107279, "A Munro": 10.172425341971495, "Y Take": 8.446276598241367, "A Atzeni": 9.247420791793349, "N Rawiller": 8.245623283642821, "C K Tong": 9.68886782347551, "A Sanna": 9.112446037848208, "C O'Donoghue": 9.341259953023512, "S Dye": 8.979648642770117, "K Fallon": 10.102036014080097, "Y Fukunaga": 8.311157110904041, "C Velasquez": 9.087462841250339, "T Queally": 9.326950243924626, "C Y Ho": 8.903571319548119, "T H So": 9.214378138074064, "M Nunes": 9.288879206537143, "K C Leung": 8.971802007345623, "L Corrales": 10.694465488544463, "S Hamanaka": 9.559855262586787, "A Crastus": 6.0, "K Ando": NaN, "G Benoist": 8.682844288504484, "P H Lo": 9.578494410576365, "M Du Plessis": 8.993841825549886, "O Doleuze": 8.590261949642759, "K M Chin": 9.43554365594617, "B Prebble": 8.10040663875981, "L Henrique": 12.032959407276106, "E Wilson": 9.694607149842671, "H W Lai": 9.126508981588348, "W L Ho": 7.240223928941852, "W M Lai": 9.289561306151297, "M Rodd": 9.115477217419937, "C Soumillon": 7.596251774967527, "A Spiteri": NaN, "J McDonald": 8.735742693002281, "M Demuro": 8.363730465259922, "G Gomez": 8.71723071622067, "W C Marwing": 8.476522429824897, "F Branca": NaN, "R Hughes": 8.520742112565427, "C Perkins": NaN, "G Schofield": 9.254887502163468, "G Cheyne": 9.48130600972399, "T Durcan": 10.254887502163468, "G Boss": 8.637265906185222, "M Guyon": 8.012988133251998, "C Lemaire": 8.979016411627073, "R Silvera": 10.748370832612178, "K L Chui": 9.116494893515245, "A Marcus": 11.33545974780529, "K Ikezoe": 8.722392421336448, "C Williams": 8.591258482853569, "K Manning": NaN, "W Buick": 8.015161223847858, "M Zahra": 10.145819215700179, "K T Yeung": 8.841450495505644, "R Fourie": 8.70983847698113, "N Juglall": 10.276946257609213, "Y Iwata": 7.496539603745109, "G Stevens": NaN, "M Chadwick": 8.717852902342802, "T Ono": NaN, "O Bosson": 8.879254176754076, "C W Wong": 9.36137946044888, "S Drowne": 9.247927513443585, "J Talamo": 9.835833673862517, "W Pike": 9.222089003703068, "F Durso": 8.545383810448321, "M Smith": 9.619538891513784, "H Tanaka": NaN, "M Kinane": 8.115477217419937, "W Lordan": 10.835623909730721, "A de Vries": NaN, "J Cassidy": NaN, "E Saint-Martin": 8.592403765643697, "H Shii": NaN, "U Rispoli": 8.606298401650688, "C Wong": 8.531417356852684, "F Berry": NaN, "Z Purton": 7.888819705947812, "B Stanley": 10.0, "P Holmes": NaN, "M Ebina": 11.169925001442312, "H T Mo": 8.897724022407253, "L Dettori": 7.518444738590322, "C Demuro": 5.084962500721156, "D Nikolic": 11.172425341971495, "T Mundry": NaN, "R Dominguez": NaN, "M F Poon": 8.454806308437897, "C Brown": 8.538690776649009, "V Cheminaud": 9.17894690758822, "M Wepner": NaN, "A Starke": 9.51043103719352, "D Oliver": 8.01918908142736, "G Gibbons": NaN, "G Mosse": 8.550585362733841, "S Fujita": NaN, "J Fortune": NaN, "A Badel": 8.83240188651773, "T Jarnet": 7.084962500721156, "K McEvoy": 8.258734268400168, "A Delpech": 8.37948535823989, "I Mendizabal": NaN, "J Moreira": 6.893196190078504, "C Reith": 9.592794888702386, "S Pasquier": 10.029747343394053, "F Blondel": 7.584962500721156, "H N Wong": 9.233199630537772, "D Whyte": 7.777015123379684, "T Clark": 8.760523111110615, "N Berry": 8.200439718141093, "D Shibata": NaN, "K Teetan": 8.535054156571462, "C Newitt": 11.044394119358454, "T Thulliez": 10.807354922057604, "N Callan": 8.589162679935132, "H Lam": 11.0, "S K Sit": 9.414981291672625, "C F Wong": NaN, "R Woodworth": NaN, "F Coetzee": 8.65518422859903, "J Doyle": 10.0, "J Riddell": NaN, "J Murtagh": 8.912554588155915, "K Tosaki": 9.361654782038158, "G van Niekerk": 8.552780572167602, "K C Ng": 9.468013586396953, "A Suborics": 9.068318654827149, "T Angland": 8.417003910939556, "N Hall": NaN, "L Nolen": 11.05889368905357, "M W Leung": 9.59072804061011, "M Wheeler": NaN, "J Spencer": 8.474004791467056, "L Duarte": 10.584962500721156, "K Latham": NaN, "E da Silva": 8.541135784582808, "J Victoire": 8.882972984907788, "H Bowman": 7.861401465212124, "B Fayd'herbe": 7.797701722473352, "D Tudhope": NaN, "O Murphy": 9.215910122356384, "R Moore": 8.087123035169428, "J Winks": 9.376964902718587, "L Salles": 10.108504225289225, "T Berry": 8.393568188807048, "P Strydom": 9.371732510587352, "W Smith": 5.084962500721156, "J Crowley": NaN, "C Y Lui": 8.936485839720458, "A Gryder": 10.05818555093441, "F Prat": 9.05889368905357, "C Sutherland": 7.584962500721156, "K Shea": 8.739859826678568, "R Migliore": 10.084962500721156, "D Bonilla": 6.0, "D Lane": 9.531862224584895, "C Murray": 9.23428314367056, "I Ortiz Jr": 9.0, "T Hellier": NaN}