{"M N Houdalakis": 1.0, "N Hori": 3.25, "Y O Wong": 6.0774853801169595, "D J Hall": 5.433768656716418, "E Botti": 5.0, "P C Kan": 10.0, "J-C Rouget": 8.0, "P Demercastel": 10.0, "J Stephens": 3.0, "W Figge": 10.0, "S Kojima": 10.0, "M Ito": 4.0, "M Botti": 8.0, "N Sugai": 7.0, "C Fownes": 5.258083252662149, "P Leyshan": 8.0, "J-M Beguigne": 5.0, "P Schiergen": 5.75, "N Meade": 4.0, "L M Cumani": 4.333333333333333, "J S Moore": 6.0, "L Ho": 5.671734408935774, "R Hannon Snr": 6.0, "M J Freedman": 5.7312252964426875, "H Fujiwara": 4.2, "P Bary": 10.0, "S Kunieda": 8.0, "Pat Lee": 10.0, "Laffon-Parias": 4.0, "J Noseda": 7.0, "A W Noonan": 5.0, "J O'Shea": 9.0, "R E Dutrow Jr": 9.0, "A Fabre": 3.75, "Rod Collet": 5.5, "N Takagi": 8.0, "H Uehara": 10.0, "P Rau": 8.0, "R Varian": 6.0, "W A Ward": 10.0, "K C Chong": 9.0, "J S Bolger": 10.0, "T Yasuda": 3.5, "P F Yiu": 5.408952959028832, "C S Shum": 5.477266308952274, "M Nishizono": 6.0, "Y Ikee": 5.0, "J Moore": 4.975952330283039, "K A Ryan": 9.0, "K Ikezoe": 9.0, "Sir M R Stoute": 5.714285714285714, "H J Brown": 8.0, "M C Tam": 9.666666666666666, "J Size": 4.674418604651163, "J Lau": 4.0, "A S Cruz": 5.274479268055285, "S bin Suroor": 4.125, "S Tarry": 7.0, "G W Moore": 6.2, "E Lellouche": 5.666666666666667, "D O'Meara": 7.0, "F Head": 6.25, "J Bary": 9.0, "W Y So": 5.564490861618799, "Y Kato": 5.0, "J H M Gosden": 2.0, "R J Frankel": 7.0, "T K Ng": 5.939934303144064, "E Libaud": 2.5, "J R Fanshawe": 7.0, "K C Wong": 9.0, "Y Yahagi": 6.0, "J M Moore": 10.0, "R M Beckett": 7.0, "A Schutz": 5.815289648622982, "J-P Gauvin": 10.0, "T Mundry": 10.0, "R Gibson": 5.453746530989824, "M R Channon": 10.0, "B J Wallace": 9.0, "T A Hogan": 5.6, "D L Freedman": 10.0, "W P Mullins": 5.0, "S L Leung": 8.0, "G Eurell": 5.0, "F Doumen": 3.0, "J Hawkes": 3.0, "R Charlton": 7.5, "K W Lui": 5.603688029020557, "Barande-Barbe": 4.8, "J G Given": 9.0, "A T Millard": 5.317279626386457, "B Koriner": 5.0, "W Hickst": 3.0, "K L Man": 5.645059288537549, "Y C Fung": 8.0, "K Yamauchi": 9.0, "G M Begg": 8.0, "W J Haggas": 9.0, "M Figge": 8.0, "C H Yip": 5.53322528363047, "A Lee": 5.892693365943137, "K H Ting": 4.752475247524752, "de Royer Dupre": 5.769230769230769, "R Collet": 2.0, "F C Lor": 4.754677754677755, "M A Jarvis": 10.0, "H Shimizu": 2.0, "T P Yung": 5.497542997542998, "B J Meehan": 9.0, "B W Hills": 2.0, "E A L Dunlop": 3.0, "E M Lynam": 7.5, "B D A Cecil": 5.0, "Y S Tsui": 5.518566215926165, "R Heathcote": 6.0, "D L Romans": 9.0, "G Allendorf": 9.0, "B K Ng": 5.549307253463732, "S Woods": 5.786740843764488, "D A Hayes": 4.666666666666667, "M F de Kock": 4.933333333333334, "D Smaga": 9.0, "O Hirata": 5.0, "A Ngai": 3.0, "A P O'Brien": 8.0, "D Cruz": 5.776676829268292, "T W Leung": 5.931833674164962, "P O'Sullivan": 5.399806701030927, "M Delzangles": 4.25, "K Kato": 8.5, "S Chow": 8.666666666666666, "D O'Brien": 9.0, "C Hills": 8.0, "M Kon": 8.0, "H Blume": 3.0, "P B Shaw": 2.0, "D Simcock": 7.0, "C W Chang": 5.732220367278798, "P Van de Poele": 5.0, "K Sumii": 2.5, "D E Ferraris": 5.646435950413223, "A M Balding": 7.0}